ngram,search_word_dist,count,prop
speaker took the chair,1,1348,1
speaker left the chair,0.8181818181818181,617,1
speaker in the chair,0.8181818181818181,41,1
speakea took the chair,0.9545454545454546,35,1
speaker that the hon,0.6818181818181819,34,1
speaker loft the chair,0.8636363636363636,23,1
speaker to the fact,0.7272727272727273,13,1
speaker on the other,0.6818181818181819,12,1
speaker leaves the chair,0.75,11,1
speaker does the hon,0.6818181818181819,10,1
speaker leave the chair,0.782608695652174,9,1
speaker resumed the chair,0.72,9,1
speaer took the chair,0.9545454545454546,7,1
spzaker took the chair,0.9545454545454546,7,1
er took the chair,0.7727272727272727,6,1
ker took the chair,0.8181818181818181,6,1
speaker tok the chair,0.9545454545454546,6,1
speakr took the chair,0.9545454545454546,6,1
eaker took the chair,0.9090909090909091,5,1
speakei took the chair,0.9545454545454546,5,1
speaker ieft the chair,0.8181818181818181,5,1
speaker of the upper,0.6818181818181819,5,1
sp eaker took the,0.6818181818181819,4,1
speaker that the leader,0.6956521739130435,4,1
speaker toek the chair,0.9545454545454546,4,1
speakzr took the chair,0.9545454545454546,4,1
aker took the chair,0.8636363636363636,3,1
appeal to the chair,0.6818181818181819,3,1
member to the chair,0.7272727272727273,3,1
peaker took the chair,0.9545454545454546,3,1
scatcherd took the chair,0.75,3,1
spe aker took the,0.6818181818181819,3,1
speak er took the,0.6818181818181819,3,1
speaker as the hour,0.6818181818181819,3,1
speaker leaving the chair,0.72,3,1
speaker left the chlair,0.782608695652174,3,1
speaker left the have,0.6818181818181819,3,1
speaker left the this,0.6818181818181819,3,1
speaker no the hon,0.6818181818181819,3,1
speaker of the day,0.6818181818181819,3,1
speaker of the the,0.6818181818181819,3,1
speaker that he had,0.6818181818181819,3,1
speaker that the country,0.6666666666666667,3,1
speaker that the govern,0.6521739130434783,3,1
speaker that the policy,0.6521739130434783,3,1
speaker to which i,0.6818181818181819,3,1
speaker took tho chair,0.9545454545454546,3,1
speakir took the chair,0.9545454545454546,3,1
speakra took the chair,0.9090909090909091,3,1
speakza took the chair,0.9090909090909091,3,1
a took the chair,0.7272727272727273,2,1
again took the chair,0.7272727272727273,2,1
arma took the chair,0.7272727272727273,2,1
e took the chair,0.7272727272727273,2,1
en took the chair,0.7272727272727273,2,1
i took the chair,0.6818181818181819,2,1
iker took the chair,0.8181818181818181,2,1
n took the chair,0.6818181818181819,2,1
part of the chair,0.6818181818181819,2,1
r took the chair,0.7272727272727273,2,1
sieaker took the chair,0.9545454545454546,2,1
spaker took the chair,0.9545454545454546,2,1
spea ker took the,0.6818181818181819,2,1
speaiker took the chair,0.9565217391304348,2,1
speair took the chair,0.9090909090909091,2,1
speaka took the chair,0.9090909090909091,2,1
speake took the chair,0.9545454545454546,2,1
speaken took the chair,0.9545454545454546,2,1
speaker address the chair,0.72,2,1
speaker from the chair,0.8636363636363636,2,1
speaker how the hon,0.6818181818181819,2,1
speaker left the chah,0.7272727272727273,2,1
speaker left the çhair,0.7727272727272727,2,1
speaker left the has,0.6818181818181819,2,1
speaker left the that,0.6818181818181819,2,1
speaker left tho chair,0.7727272727272727,2,1
speaker of the act,0.6818181818181819,2,1
speaker of the hon,0.6818181818181819,2,1
speaker of the legis,0.6818181818181819,2,1
speaker of the other,0.6818181818181819,2,1
speaker of the said,0.7272727272727273,2,1
speaker of the whole,0.6818181818181819,2,1
speaker of this chamber,0.6521739130434783,2,1
speaker or the chairman,0.7391304347826086,2,1
speaker or the clerk,0.6818181818181819,2,1
speaker take the chair,0.8636363636363636,2,1
speaker takes the chair,0.8260869565217391,2,1
speaker that the duties,0.6521739130434783,2,1
speaker that the motion,0.6521739130434783,2,1
speaker that the the,0.6818181818181819,2,1
speaker that the whole,0.6818181818181819,2,1
speaker then the hon,0.6818181818181819,2,1
speaker to see that,0.6818181818181819,2,1
speaker to the house,0.6818181818181819,2,1
speaker to the point,0.6818181818181819,2,1
speaker to the the,0.7272727272727273,2,1
speaker to this that,0.6818181818181819,2,1
speaker tock the chair,0.9545454545454546,2,1
speaker too the chair,0.9545454545454546,2,1
speaker took hie chair,0.9090909090909091,2,1
speaker took the çhair,0.9545454545454546,2,1
speaker took the ehair,0.9545454545454546,2,1
speaker took tie chair,0.9545454545454546,2,1
speakera took the chair,0.9565217391304348,2,1
speaket took the chair,0.9545454545454546,2,1
speamr took the chair,0.9090909090909091,2,1
speaner took the chair,0.9545454545454546,2,1
speara took the chair,0.8636363636363636,2,1
speaxe took the chair,0.9090909090909091,2,1
speaxea took the chair,0.9090909090909091,2,1
speaxer took the chair,0.9545454545454546,2,1
spiakza took the chair,0.8636363636363636,2,1
u took the chair,0.6818181818181819,2,1
xa took the chair,0.7272727272727273,2,1
you took the chair,0.6818181818181819,2,1
2486 took the chair,0.6818181818181819,1,1
4ica took the chair,0.7272727272727273,1,1
8peaker took the chair,0.9545454545454546,1,1
aaker took the chair,0.8636363636363636,1,1
ak took the chair,0.7727272727272727,1,1
aken took the chair,0.8181818181818181,1,1
aker took the chaiqr,0.8181818181818181,1,1
akri took the chair,0.7727272727272727,1,1
also took the chair,0.7272727272727273,1,1
appeared on the chair,0.6818181818181819,1,1
asserted to the chair,0.6818181818181819,1,1
ay took the chair,0.7272727272727273,1,1
baker in the chair,0.6818181818181819,1,1
ber to the chair,0.6818181818181819,1,1
cases took the chair,0.7727272727272727,1,1
chair tok the chir,0.6818181818181819,1,1
chairman took the chair,0.6521739130434783,1,1
clerk took the chair,0.7727272727272727,1,1
debate to the chair,0.6818181818181819,1,1
e:n took the chair,0.7272727272727273,1,1
e.ker took tht cha,0.7272727272727273,1,1
eakekr took the chair,0.8636363636363636,1,1
ean:n took the chair,0.7727272727272727,1,1
eker took the chair,0.8636363636363636,1,1
elected to the chair,0.6818181818181819,1,1
en took the ciair,0.6818181818181819,1,1
ence to the chair,0.6818181818181819,1,1
entirely took the chair,0.6956521739130435,1,1
epspm took the chair,0.7272727272727273,1,1
er teok the chair,0.7272727272727273,1,1
er took lte chair,0.6818181818181819,1,1
er took the ciair,0.7272727272727273,1,1
f.n took the chair,0.6818181818181819,1,1
good took the chair,0.6818181818181819,1,1
heaped upon the chair,0.6818181818181819,1,1
î:n took the chair,0.6818181818181819,1,1
i'ene took the chair,0.7727272727272727,1,1
im took the chair,0.6818181818181819,1,1
jones took the chair,0.7272727272727273,1,1
kea took the chair,0.7727272727272727,1,1
kr took the chair,0.7727272727272727,1,1
kra took the chair,0.7272727272727273,1,1
lie took tbe chair,0.6818181818181819,1,1
man took the chair,0.7272727272727273,1,1
manner to the chair,0.6818181818181819,1,1
maritime took the chair,0.6521739130434783,1,1
member for the chair,0.6818181818181819,1,1
member who the chair,0.6818181818181819,1,1
on took the chair,0.6818181818181819,1,1
only took the chair,0.6818181818181819,1,1
order to the chair,0.6818181818181819,1,1
paid to the chair,0.6818181818181819,1,1
paper what the chair,0.6818181818181819,1,1
patrick took the chair,0.6818181818181819,1,1
peaken took the chair,0.9090909090909091,1,1
peaker left the cair,0.7272727272727273,1,1
peaker to the case,0.7272727272727273,1,1
peakr took te chair,0.8636363636363636,1,1
person to the chair,0.6818181818181819,1,1
place to the chair,0.7272727272727273,1,1
poor took the chair,0.7727272727272727,1,1
r teok the chair,0.6818181818181819,1,1
rm took the chair,0.6818181818181819,1,1
rna took the chair,0.7272727272727273,1,1
rr took the chair,0.7272727272727273,1,1
s peaker took the,0.6818181818181819,1,1
s took the chair,0.7272727272727273,1,1
s.eakk.r took the chair,0.8695652173913043,1,1
s.iksa took the chair,0.7727272727272727,1,1
s'eaker took the chair,0.9545454545454546,1,1
s'peaker to the fact,0.6818181818181819,1,1
sainuâu took the chair,0.7272727272727273,1,1
same from the chair,0.6818181818181819,1,1
sauêan took the chair,0.7272727272727273,1,1
say to the chair,0.6818181818181819,1,1
sbpua took the chair,0.7727272727272727,1,1
seakeeu took the chair,0.8636363636363636,1,1
seakel took the chair,0.9090909090909091,1,1
seaker took the chair,0.9545454545454546,1,1
seakr took the chair,0.9090909090909091,1,1
sent to the chair,0.6818181818181819,1,1
sepeaâea took the chair,0.8695652173913043,1,1
sfeaker took the chair,0.9545454545454546,1,1
si'e.akerp took the chair,0.84,1,1
si'iarza took the chair,0.7391304347826086,1,1
siaria took the chair,0.7727272727272727,1,1
siatma took the chair,0.7727272727272727,1,1
sieaker took the choir,0.9090909090909091,1,1
sik took the chair,0.7727272727272727,1,1
sikî took the chair,0.7727272727272727,1,1
simua took the chair,0.7272727272727273,1,1
sipeaker took the chair,0.9565217391304348,1,1
skeeura took the chair,0.7727272727272727,1,1
sl.e tok the chair,0.7272727272727273,1,1
sl'eakel took the ciair,0.8260869565217391,1,1
slpeaker left the chair,0.782608695652174,1,1
sm'a took the chair,0.7727272727272727,1,1
smiixxa took the chair,0.7272727272727273,1,1
sneaker left the chair,0.7727272727272727,1,1
sp aker took the,0.6818181818181819,1,1
sp'eakfr took the chair,0.9130434782608696,1,1
sp1aker took the chair,0.9545454545454546,1,1
sp1eakxer took the chair,0.9166666666666666,1,1
sp2aker in the chair,0.7727272727272727,1,1
spaakea took the chair,0.9090909090909091,1,1
spaaker left the chair,0.7727272727272727,1,1
spaaker took the chair,0.9545454545454546,1,1
spâaker took the chair,0.9545454545454546,1,1
spaasxa took the chair,0.8181818181818181,1,1
spaerza took the chair,0.8181818181818181,1,1
spakisr took the chair,0.8636363636363636,1,1
spakm took the chair,0.8636363636363636,1,1
sparea took the chair,0.8636363636363636,1,1
spâusan took the chair,0.7727272727272727,1,1
spâx:a teck the chair,0.6818181818181819,1,1
spaxae took the chair,0.8181818181818181,1,1
spaxer took the chair,0.9090909090909091,1,1
spaxra took the chair,0.8181818181818181,1,1
spaziai took the chair,0.7727272727272727,1,1
spazrmr took the chair,0.8181818181818181,1,1
spbaker took the chair,0.9545454545454546,1,1
spcakcr bit tie chair,0.6818181818181819,1,1
spe ker took the,0.6818181818181819,1,1
spe.en took the chair,0.8636363636363636,1,1
spe.ker t.ook the chair,0.9130434782608696,1,1
spe.ker took the chair,0.9545454545454546,1,1
spe.ker took thle chair,0.9130434782608696,1,1
spe.uer tjok the chair,0.8636363636363636,1,1
spea1ker took the chair,0.9565217391304348,1,1
speaa took the chair,0.8636363636363636,1,1
speàaer took the chair,0.9090909090909091,1,1
speackr took the chair,0.9090909090909091,1,1
speaers took the chair,0.9090909090909091,1,1
speaet took the chair,0.9090909090909091,1,1
speaic:r took the chair,0.8695652173913043,1,1
speâicer took the chair,0.8695652173913043,1,1
speaie took the chair,0.9090909090909091,1,1
speaiens took the chaisir,0.8,1,1
speaier took the chair,0.9545454545454546,1,1
speaikr took the chair,0.9090909090909091,1,1
speaing to the chair,0.7727272727272727,1,1
speair took the obair,0.8181818181818181,1,1
speairm took the chair,0.8636363636363636,1,1
speaiter took the chair,0.9130434782608696,1,1
speajcer took the chaiir,0.875,1,1
speak for the claim,0.6818181818181819,1,1
speak of the chip,0.6818181818181819,1,1
speak to the chairman,0.6818181818181819,1,1
speak to the have,0.6818181818181819,1,1
speak to the main,0.6818181818181819,1,1
speak to the that,0.6818181818181819,1,1
speak took the chair,0.9090909090909091,1,1
speak took the h,0.7272727272727273,1,1
speakar took the chair,0.9545454545454546,1,1
speâkau took the chair,0.8636363636363636,1,1
speakcer took the chair,0.9565217391304348,1,1
speakçer took the chair,0.9565217391304348,1,1
speake in the chair,0.7727272727272727,1,1
speake r took the,0.6818181818181819,1,1
speake to.ok the chair,0.9090909090909091,1,1
speake took the chairi,0.9090909090909091,1,1
speake took tue chair,0.9090909090909091,1,1
speakea took the ohair,0.9090909090909091,1,1
speakeatbook the chair at,0.76,1,1
speakee took thebchair at,0.8,1,1
speakei look the chair,0.9090909090909091,1,1
speakeit took the chair,0.9130434782608696,1,1
speaker about the leader,0.6666666666666667,1,1
speaker about the other,0.6521739130434783,1,1
speaker and the ther,0.6818181818181819,1,1
speaker at the saie,0.6818181818181819,1,1
speaker before the calf,0.6521739130434783,1,1
speaker by the this,0.6818181818181819,1,1
speaker can itbe char,0.6818181818181819,1,1
speaker con the speaker,0.6521739130434783,1,1
speaker docs the hon,0.6818181818181819,1,1
speaker dontnow leavethe chair,0.6666666666666667,1,1
speaker doos the hon,0.7272727272727273,1,1
speaker e cthe chair,0.7727272727272727,1,1
speaker eft the chair,0.8181818181818181,1,1
speaker fook tbe chair,0.9090909090909091,1,1
speaker for the character,0.6799999999999999,1,1
speaker for the hon,0.6818181818181819,1,1
speaker for the indis,0.6818181818181819,1,1
speaker for the said,0.7272727272727273,1,1
speaker for there again,0.6521739130434783,1,1
speaker for they had,0.6818181818181819,1,1
speaker for this change,0.6521739130434783,1,1
speaker from the hon,0.6818181818181819,1,1
speaker from the memiber,0.6666666666666667,1,1
speaker from the other,0.6818181818181819,1,1
speaker how the case,0.7272727272727273,1,1
speaker how the change,0.7272727272727273,1,1
speaker icft the chair,0.8181818181818181,1,1
speaker id the chair,0.8181818181818181,1,1
speaker if the hour,0.6818181818181819,1,1
speaker ileft the hair,0.7272727272727273,1,1
speaker iloft the chair,0.8260869565217391,1,1
speaker in the case,0.6818181818181819,1,1
speaker in the chai,0.7727272727272727,1,1
speaker ioft the chair,0.8636363636363636,1,1
speaker is mnthe chair,0.7727272727272727,1,1
speaker is the case,0.6818181818181819,1,1
speaker is the charge,0.6818181818181819,1,1
speaker kft the chair,0.8181818181818181,1,1
speaker laid the case,0.6818181818181819,1,1
speaker leave the càair,0.7391304347826086,1,1
speaker leave thec hair,0.7391304347826086,1,1
speaker lef thi'se chair,0.7083333333333333,1,1
speaker lef't the chair,0.782608695652174,1,1
speaker lefit the chair,0.782608695652174,1,1
speaker lefl the chair,0.8181818181818181,1,1
speaker lefl tic chair,0.7272727272727273,1,1
speaker left t ichair,0.6818181818181819,1,1
speaker left th chair,0.7727272727272727,1,1
speaker left the bain,0.6818181818181819,1,1
speaker left the ceal,0.6818181818181819,1,1
speaker left the cha'r,0.7727272727272727,1,1
speaker left the chai,0.7727272727272727,1,1
speaker léft the chair,0.8181818181818181,1,1
speakér left the chair,0.7727272727272727,1,1
speaker left the chair.o,0.75,1,1
speaker left the chair.said,0.6666666666666667,1,1
speaker left the chait,0.7727272727272727,1,1
speaker left the chalir,0.782608695652174,1,1
speaker left the chnir,0.7727272727272727,1,1
speaker left the ciiair,0.7391304347826086,1,1
speaker left the clair,0.7727272727272727,1,1
speaker left the cliair,0.7391304347826086,1,1
speaker left the hair,0.7727272727272727,1,1
speaker left the haps,0.6818181818181819,1,1
speaker left the her,0.6818181818181819,1,1
speaker left the his,0.6818181818181819,1,1
speaker left the liair,0.7272727272727273,1,1
speaker left the ohair,0.7727272727272727,1,1
speaker left the qhair,0.7727272727272727,1,1
speaker left the thais,0.7272727272727273,1,1
speaker left thle chair,0.782608695652174,1,1
speaker left tht chair,0.7727272727272727,1,1
speaker left tie chair,0.7727272727272727,1,1
speaker left tie cmir,0.6818181818181819,1,1
speaker left tire chair,0.7391304347826086,1,1
speaker left tth chair,0.7272727272727273,1,1
speaker leit the chair,0.8181818181818181,1,1
speaker let the chair,0.8181818181818181,1,1
speaker lett the chair,0.8181818181818181,1,1
speaker lettve the chair,0.7916666666666666,1,1
speaker loft 1he chair,0.8181818181818181,1,1
speaker loft the chain,0.8181818181818181,1,1
speaker loft the mr,0.6818181818181819,1,1
speaker loft thie chair,0.8260869565217391,1,1
speaker loft tho chair,0.8181818181818181,1,1
speaker louve tbe chair,0.782608695652174,1,1
speaker met the case,0.6818181818181819,1,1
speaker no the clerk,0.6818181818181819,1,1
speaker noon the speaker,0.7083333333333333,1,1
speaker not to their,0.6818181818181819,1,1
speaker o the chair,0.8636363636363636,1,1
speaker of the an,0.6818181818181819,1,1
speaker of the are,0.6818181818181819,1,1
speaker of the canadian,0.6521739130434783,1,1
speaker of the grit,0.6818181818181819,1,1
speaker of the hand,0.7272727272727273,1,1
speaker of the im,0.6818181818181819,1,1
speaker of the in,0.6818181818181819,1,1
speaker of the late,0.6818181818181819,1,1
speaker of the leader,0.6818181818181819,1,1
speaker of the legi,0.6818181818181819,1,1
speaker of the logis,0.6818181818181819,1,1
speaker of the make,0.6818181818181819,1,1
speaker of the mr,0.6818181818181819,1,1
speaker of the nace,0.6818181818181819,1,1
speaker of the nats,0.6818181818181819,1,1
speaker of the sir,0.7272727272727273,1,1
speaker of the that,0.7272727272727273,1,1
speaker of the then,0.6818181818181819,1,1
speaker of the think,0.6818181818181819,1,1
speaker of the under,0.6818181818181819,1,1
speaker on the floor,0.6818181818181819,1,1
speaker on the last,0.6818181818181819,1,1
speaker on the make,0.6818181818181819,1,1
speaker on the the,0.6818181818181819,1,1
speaker on the whole,0.6818181818181819,1,1
speaker or the other,0.6818181818181819,1,1
speaker ot the they,0.6818181818181819,1,1
speaker put the sir,0.6818181818181819,1,1
speaker resume the chair,0.75,1,1
speaker resumes the chair,0.72,1,1
speaker resuming the chair,0.6923076923076923,1,1
speaker said the charge,0.6956521739130435,1,1
speaker said the commis,0.6521739130434783,1,1
speaker shall the third,0.6521739130434783,1,1
speaker some they said,0.6818181818181819,1,1
speaker t9ok the chair,0.9545454545454546,1,1
speaker take the he,0.6818181818181819,1,1
speaker take the whole,0.6818181818181819,1,1
speaker takes his chair,0.6956521739130435,1,1
speaker tbok the chair,0.9545454545454546,1,1
speaker teck the chair,0.9090909090909091,1,1
speaker tek the chair,0.9090909090909091,1,1
speaker tell them that,0.6818181818181819,1,1
speaker teok the chair,0.9545454545454546,1,1
speaker teook the chair,0.9565217391304348,1,1
speaker that he has,0.6818181818181819,1,1
speaker that the a,0.6818181818181819,1,1
speaker that the act,0.6818181818181819,1,1
speaker that the action,0.6521739130434783,1,1
speaker that the author,0.6521739130434783,1,1
speaker that the canadian,0.6799999999999999,1,1
speaker that the case,0.7272727272727273,1,1
speaker that the catholie,0.6799999999999999,1,1
speaker that the chairman,0.76,1,1
speaker that the chief,0.7272727272727273,1,1
speaker that the con,0.6818181818181819,1,1
speaker that the debate,0.6521739130434783,1,1
speaker that the fact,0.6818181818181819,1,1
speaker that the failure,0.6666666666666667,1,1
speaker that the favour,0.6521739130434783,1,1
speaker that the fears,0.6818181818181819,1,1
speaker that the haif,0.7727272727272727,1,1
speaker that the high,0.6818181818181819,1,1
speaker that the hne,0.6818181818181819,1,1
speaker that the honor,0.6818181818181819,1,1
speaker that the i,0.6818181818181819,1,1
speaker that the im,0.6818181818181819,1,1
speaker that the in,0.6818181818181819,1,1
speaker that the jway,0.6818181818181819,1,1
speaker that the last,0.6818181818181819,1,1
speaker that the late,0.6818181818181819,1,1
speaker that the limit,0.6818181818181819,1,1
speaker that the loan,0.6818181818181819,1,1
speaker that the made,0.6818181818181819,1,1
speaker that the ohange,0.6956521739130435,1,1
speaker that the papers,0.6521739130434783,1,1
speaker that the report,0.6521739130434783,1,1
speaker that the return,0.6521739130434783,1,1
speaker that the road,0.6818181818181819,1,1
speaker that the said,0.7272727272727273,1,1
speaker that the sanie,0.6818181818181819,1,1
speaker that the sooner,0.6521739130434783,1,1
speaker that the state,0.6818181818181819,1,1
speaker that the states,0.6521739130434783,1,1
speaker that the tenure,0.6521739130434783,1,1
speaker that the that,0.7272727272727273,1,1
speaker that the then,0.6818181818181819,1,1
speaker that the thing,0.6818181818181819,1,1
speaker that the timie,0.6818181818181819,1,1
speaker that the trary,0.6818181818181819,1,1
speaker that the treaty,0.6521739130434783,1,1
speaker that the way,0.6818181818181819,1,1
speaker that there shall,0.6666666666666667,1,1
speaker that these charges,0.6538461538461539,1,1
speaker that they cab,0.6818181818181819,1,1
speaker that they can,0.6818181818181819,1,1
speaker that they have,0.6818181818181819,1,1
speaker the he had,0.6818181818181819,1,1
speaker the the hands,0.6818181818181819,1,1
speaker then the aet,0.6818181818181819,1,1
speaker to be that,0.6818181818181819,1,1
speaker to have fair,0.6818181818181819,1,1
speaker to see this,0.6818181818181819,1,1
speaker to the country,0.6818181818181819,1,1
speaker to the faot,0.7272727272727273,1,1
speaker to the fine,0.6818181818181819,1,1
speaker to the head,0.7272727272727273,1,1
speaker to the hon,0.7272727272727273,1,1
speaker to the law,0.7272727272727273,1,1
speaker to the louse,0.6818181818181819,1,1
speaker to the matter,0.6818181818181819,1,1
speaker to the meanin,0.7272727272727273,1,1
speaker to the other,0.7272727272727273,1,1
speaker to the party,0.6818181818181819,1,1
speaker to the rule,0.6818181818181819,1,1
speaker to the same,0.7272727272727273,1,1
speaker to the senate,0.6818181818181819,1,1
speaker to the speaker,0.6818181818181819,1,1
speaker to the time,0.6818181818181819,1,1
speaker to the to,0.6818181818181819,1,1
speaker to the was,0.7272727272727273,1,1
speaker to the well,0.6818181818181819,1,1
speaker to the wole,0.6818181818181819,1,1
speaker to tie the,0.6818181818181819,1,1
speaker to to this,0.6818181818181819,1,1
speaker to try this,0.6818181818181819,1,1
speaker tok the ha,0.8181818181818181,1,1
speaker tonk the chair,0.9545454545454546,1,1
speaker too when the,0.6818181818181819,1,1
speaker tooh the chair,0.9545454545454546,1,1
speaker took any other,0.6818181818181819,1,1
speaker took bis chair,0.8636363636363636,1,1
speaker took biy homer,0.6818181818181819,1,1
speaker took his chair,0.8636363636363636,1,1
speaker took lic chair,0.8636363636363636,1,1
speaker took lthe chair,0.9565217391304348,1,1
speaker took tha chair,0.9545454545454546,1,1
speaker took that rooi,0.7272727272727273,1,1
speaker took the 2i,0.8181818181818181,1,1
speaker took the 3hair,0.9545454545454546,1,1
speaker tôok the chair,0.9545454545454546,1,1
speâker took the chair,0.9545454545454546,1,1
speaker took the chairat,0.9166666666666666,1,1
speaker took the chlair,0.9565217391304348,1,1
speaker took the choir,0.9545454545454546,1,1
speaker took the clair,0.9545454545454546,1,1
speaker took the cuss,0.8181818181818181,1,1
speaker took the h.mir,0.8636363636363636,1,1
speaker took the happy,0.8181818181818181,1,1
speaker took the same,0.8181818181818181,1,1
speaker took the uhair,0.9545454545454546,1,1
speaker took the ý,0.7727272727272727,1,1
speaker took tlie chair,0.9130434782608696,1,1
speaker took uhcchair at,0.75,1,1
speaker took was that,0.7272727272727273,1,1
speaker took1 the chair,0.9565217391304348,1,1
speaker tookc the chair,0.9565217391304348,1,1
speaker tookthe chair at,0.8333333333333334,1,1
speaker tool4 the chair,0.9130434782608696,1,1
speaker toolk the chair,0.9565217391304348,1,1
speaker tootr the chair,0.9130434782608696,1,1
speaker touk the chair,0.9545454545454546,1,1
speaker true he sir,0.6818181818181819,1,1
speaker tuat the canadian,0.6799999999999999,1,1
speaker was the case,0.6818181818181819,1,1
speaker when the change,0.6956521739130435,1,1
speaker when the copies,0.6521739130434783,1,1
speaker while the chair,0.782608695652174,1,1
speaker who the hon,0.6818181818181819,1,1
speaker who then had,0.6818181818181819,1,1
speaker why the that,0.6818181818181819,1,1
speaker with the canals,0.6521739130434783,1,1
speaker with the said,0.6818181818181819,1,1
speaker with the third,0.6818181818181819,1,1
speaker you the case,0.7272727272727273,1,1
speaker's absence the chair,0.6666666666666667,1,1
speakeri tok th chair,0.8636363636363636,1,1
speakeri took the chair,0.9565217391304348,1,1
speakerl took the chair,0.9565217391304348,1,1
speakerld et the chair,0.7727272727272727,1,1
speakers upon the half,0.6818181818181819,1,1
speakert left the cair,0.7272727272727273,1,1
speakert took the chair,0.9565217391304348,1,1
speakes took the chair,0.9545454545454546,1,1
speakeýr took thie chair,0.9166666666666666,1,1
speakeza took the chair,0.9130434782608696,1,1
speakie took the chair,0.9090909090909091,1,1
speakiei took the chair,0.9130434782608696,1,1
speaking to the chair,0.7727272727272727,1,1
speakmr took the chair,0.9545454545454546,1,1
speakp took the chair,0.9090909090909091,1,1
speâkr took the chair,0.9090909090909091,1,1
speakr took tho chair,0.9090909090909091,1,1
speakrjono toous the chair,0.7307692307692308,1,1
speakur took the chair,0.9545454545454546,1,1
speakz took the chair,0.9090909090909091,1,1
speamer took the chair,0.9545454545454546,1,1
speamia took the chair,0.8636363636363636,1,1
spean took the chair,0.8636363636363636,1,1
speanepr took the chair,0.9130434782608696,1,1
speanker took the chair,0.9565217391304348,1,1
spearer took the chair,0.9545454545454546,1,1
spearier took the chair,0.9130434782608696,1,1
spearur took the chair,0.9090909090909091,1,1
spearv took the chair,0.8636363636363636,1,1
spearza took the chair,0.8636363636363636,1,1
speaxee took the chair,0.9090909090909091,1,1
speâxzu took the chair,0.8181818181818181,1,1
speaýker too0k the chair,0.9166666666666666,1,1
speaz.a took the chair,0.8636363636363636,1,1
speaza took the chair,0.8636363636363636,1,1
specar took the chair,0.8636363636363636,1,1
specau took the chair,0.8181818181818181,1,1
speczra took the chair,0.8181818181818181,1,1
spefiker left the chair,0.7391304347826086,1,1
spegker left the chair,0.7727272727272727,1,1
spei'aker took the chair,0.9166666666666666,1,1
speiker took the chair,0.9545454545454546,1,1
speira took the chair,0.8181818181818181,1,1
spekçe took the chair,0.8636363636363636,1,1
spekiai took the chair,0.8181818181818181,1,1
speraku took the chair,0.8636363636363636,1,1
sperb took the chair,0.8181818181818181,1,1
spesakea took the chair,0.9130434782608696,1,1
spfeaker toiok the cbalr,0.8333333333333334,1,1
sphinr teck the chair,0.7272727272727273,1,1
spiaer took the chair,0.9090909090909091,1,1
spiakea took the chair,0.9090909090909091,1,1
spiaker took the chair,0.9545454545454546,1,1
spiakma took the chair,0.8636363636363636,1,1
spiakre took the chair,0.9090909090909091,1,1
spiammn took the chair,0.8181818181818181,1,1
spîamr took the chair,0.8636363636363636,1,1
spiariea took the chair,0.8260869565217391,1,1
spiarra took the chair,0.8181818181818181,1,1
spiâua took the chair,0.7727272727272727,1,1
spiaum took the chair,0.8181818181818181,1,1
spiaxn took the chair,0.8181818181818181,1,1
spiazmu took the chair,0.8181818181818181,1,1
spieaker left the chair,0.782608695652174,1,1
spieaker tack the chair,0.8695652173913043,1,1
spierae took the chair,0.8181818181818181,1,1
spigaker took the chair,0.9130434782608696,1,1
spike took the cair,0.8181818181818181,1,1
spiluar took the chair,0.8181818181818181,1,1
spimm took the chair,0.7727272727272727,1,1
spitàn took the chair,0.7727272727272727,1,1
spitr took the chair,0.8181818181818181,1,1
spjaker took the chair,0.9545454545454546,1,1
spmea took the chair,0.8181818181818181,1,1
spmm took the chair,0.7727272727272727,1,1
spmtea took the chair,0.8181818181818181,1,1
spoke in the chair,0.6818181818181819,1,1
sprake took the chair,0.9090909090909091,1,1
sprarma took the chair,0.8181818181818181,1,1
spraxzr took the chair,0.8636363636363636,1,1
spreâkea took the chair,0.8695652173913043,1,1
spsaen took the chair,0.8636363636363636,1,1
spsafe wtook the chair,0.8181818181818181,1,1
spuaarn took thé chair,0.7727272727272727,1,1
spuaker took the chair,0.9545454545454546,1,1
spuiar took the chair,0.8181818181818181,1,1
spuixre took the chair,0.8181818181818181,1,1
spuker took the chtir,0.8636363636363636,1,1
spuxa took the chair,0.7727272727272727,1,1
spuxi took the chair,0.7727272727272727,1,1
spxmxa took the chair,0.7727272727272727,1,1
spyazra took the chair,0.8181818181818181,1,1
spza.ken took the chair,0.8695652173913043,1,1
spza.kza took tlie chair,0.75,1,1
spzàakre1 took the chair,0.8333333333333334,1,1
spzaeza took the chair,0.8181818181818181,1,1
spzaiker took the chair,0.9130434782608696,1,1
spzaka took the chair,0.8636363636363636,1,1
spzakea took the chair,0.9090909090909091,1,1
spzàker took the chair,0.9090909090909091,1,1
spzaker took thu chair,0.9090909090909091,1,1
spzakia took the chair,0.8636363636363636,1,1
spzakra took the chair,0.8636363636363636,1,1
spzaku took the chair,0.8636363636363636,1,1
spzakza took the chair,0.8636363636363636,1,1
spzankgi took the chair,0.8260869565217391,1,1
spzarsa took the chair,0.8181818181818181,1,1
spzat.rma took the chair,0.7916666666666666,1,1
spzax.r took the chair,0.8636363636363636,1,1
spzaxa took the chair,0.8181818181818181,1,1
spzàxia took the chair,0.7727272727272727,1,1
spzaxira took the chair,0.8260869565217391,1,1
spzaxus took the chair,0.8181818181818181,1,1
spzaz took the chair,0.8181818181818181,1,1
spzaza took the chair,0.8181818181818181,1,1
spzmisra took the chair,0.782608695652174,1,1
spzxua took the chair,0.7727272727272727,1,1
sr.aîr took the chair,0.8181818181818181,1,1
sr.e.kzr took the chair,0.8260869565217391,1,1
sr'aken took the chair,0.8636363636363636,1,1
sra took the chair,0.7727272727272727,1,1
sre.mer took the chair,0.8636363636363636,1,1
sreae took the chair,0.8636363636363636,1,1
sreaer took the chair,0.9090909090909091,1,1
sreakr took the chair,0.9090909090909091,1,1
sreas took tle cliair,0.6818181818181819,1,1
srenaken took the chair,0.8695652173913043,1,1
sri:ain:a took the chair,0.7083333333333333,1,1
srmzxm took the chair,0.7272727272727273,1,1
srsak took the chair,0.8181818181818181,1,1
state to the chair,0.7272727272727273,1,1
steakep took the chair,0.9090909090909091,1,1
steamer to the train,0.6818181818181819,1,1
superior to the chair,0.7272727272727273,1,1
svekeml took the chmairi,0.75,1,1
szarcaa took the chair,0.7272727272727273,1,1
szarma took the chair,0.7727272727272727,1,1
taken from the chair,0.6818181818181819,1,1
te 8pea took the'chair,0.6818181818181819,1,1
te speaker lefthe chair,0.6521739130434783,1,1
thcspeaker took the chair,0.88,1,1
the smarattook the chair,0.6666666666666667,1,1
the speakeatbook the chair,0.7307692307692308,1,1
the speakee took thebchair,0.7692307692307692,1,1
the speaker left the.chair,0.6538461538461539,1,1
the speaker took uhcchair,0.72,1,1
the speaker tookthe chair,0.8,1,1
the speakerileft the chair,0.6538461538461539,1,1
the speakertook the chair,0.8,1,1
theae took the liair,0.7272727272727273,1,1
then took the chair,0.7272727272727273,1,1
ther.smaixa took the chair,0.6538461538461539,1,1
thesaker took the chair,0.8695652173913043,1,1
thesparercp took the chair,0.7307692307692308,1,1
thesprarxm took the chair,0.72,1,1
thon took the chair,0.6818181818181819,1,1
thqspeaker took the chair,0.88,1,1
u:n took the chair,0.6818181818181819,1,1
ua:n took the chair,0.7272727272727273,1,1
ua:n took the ciair,0.6818181818181819,1,1
uk took the chair,0.7272727272727273,1,1
un took the chair,0.6818181818181819,1,1
xe.m took the chair,0.7272727272727273,1,1
xxx took the chair,0.6818181818181819,1,1
yon took the chair,0.6818181818181819,1,1
ýspeaker took the chair,0.9565217391304348,1,1
znn took the chair,0.6818181818181819,1,1
